username,password
"QaEnginner90332","QaEnginner2025@"
"QaEnginner31098","QaEnginner2025@"
"QaEnginner51597","QaEnginner2025@"
"QaEnginner28379","QaEnginner2025@"
"QaEnginner39324","QaEnginner2025@"
"QaEnginner7290","QaEnginner2025@"
"QaEnginner77514","QaEnginner2025@"
"QaEnginner50470","QaEnginner2025@"
"QaEnginner50369","QaEnginner2025@"
"QaEnginner87681","QaEnginner2025@"
"QaEnginner10984","QaEnginner2025@"
"QaEnginner48233","QaEnginner2025@"
"QaEnginner55834","QaEnginner2025@"
"QaEnginner40593","QaEnginner2025@"
"QaEnginner34721","QaEnginner2025@"
"QaEnginner46485","QaEnginner2025@"
"QaEnginner27184","QaEnginner2025@"
"QaEnginner31528","QaEnginner2025@"
